signal_id,logged_at,signal_timestamp,strategy_name,strategy_version,timeframe,research_tier,symbol,side,entry_price,stop_loss,take_profit,atr,adx_entry_tf,adx_confirm_tf,btc_re,btc_adx_confirm_tf,volume_ratio,atr_expansion_ratio,candle_close_position,rsi_14,macd,macd_signal,macd_hist,whitelist_score,regime,executed,result,exit_price,exit_type,pnl_pct,leave_a_comment,news_sources
v12_final_check_1777824565,2026-05-03T16:09:25.128649+00:00,2026-05-04T00:00:00Z,V12_C3,15m_clean,15m,primary,BTC/USDT,buy,78400,77100,79900,650,38.2,34.5,0.31,36.8,2.4,1.12,0.72,61.5,123.4,98.7,24.7,0.74,trending_bull,No,pending_forward_observation,,,,final logger mock insert,[]
mock_v12_pipeline_1777825270,2026-05-04T00:00:00Z,2026-05-04T00:00:00Z,V12_C3,15m_clean,15m,primary,BTC/USDT,buy,78400,77100,79900,650,,,0.31,,,,,,,,,,trending_bull,False,signal_logged,,,,AI 分析失敗，僅保留技術訊號。error=GEMINI_API_KEY missing,
env_integrated_mock_1777826168,2026-05-04T00:00:00Z,2026-05-04T00:00:00Z,V12_C3,15m_clean,15m,primary,BTC/USDT,buy,78400,77100,79900,650,38.2,34.5,0.31,36.8,2.4,1.12,0.72,61.5,123.4,98.7,24.7,0.74,trending_bull,False,signal_logged,,,,"好的，以下是對您提供的量化交易訊號的分析：

---

**量化交易訊號分析：BTC/USDT (買入)**

**訊號 ID:** env_integrated_mock_1777826168
**策略名稱:** V12_C3 (15m_clean)
**交易對:** BTC/USDT
**方向:** 買入 (Long)
**入場價格:** 78400 USDT
**止損價格:** 77100 USDT
**止盈價格:** 79900 USDT
**時間框架:** 15分鐘 (15m)
**訊號時間:** 2026-05-04T00:00:00Z

---

### 技術面摘要

此訊號在15分鐘時間框架下，顯示出強烈的看漲技術面組合，符合「趨勢看漲 (trending_bull)」的市場狀態。

1.  **趨勢強度 (ADX):**
    *   入場時間框架的ADX值為38.2，確認時間框架的ADX值為34.5。這兩個數值均遠高於25，表明當前存在非常強勁的趨勢。
    *   比特幣整體市場的ADX確認值為36.8，也顯示出強烈的趨勢，可能為此交易對的趨勢提供宏觀支持。
2.  **動能指標 (RSI & MACD):**
    *   RSI(14)為61.5，處於50以上但未達超買區間(通常為70)，顯示市場動能偏強且仍有上漲空間。
    *   MACD值為123.4，MACD訊號線為98.7，MACD柱狀圖為24.7。MACD線位於訊號線上方，且柱狀圖為正值並擴大，表明強勁的看漲動能。
3.  **波動性 (ATR):**
    *   ATR值為650，表示在15分鐘圖上，平均價格波動幅度較大。
    *   ATR擴張比率為1.12，意味著當前波動性正在增加，這通常伴隨著趨勢的啟動或加速。
4.  **價格行為與成交量:**
    *   K線收盤位置為0.72，表示當前K線收盤價接近其高點（位於K線實體上部72%處），顯示買方力量強勁。
    *   成交量比率為2.4，遠高於平均水平，表明當前買入行為有大量資金支持，增加了訊號的可靠性。
5.  **策略評分:**
    *   白名單分數為0.74，表示此交易對符合策略的篩選標準，並被認為是適合交易的資產。

### 入場原因

此買入訊號的生成，是基於多個看漲技術指標的強烈匯合：

*   **強勁的趨勢確認:** ADX值高企，明確指出BTC/USDT處於一個強勢的上升趨勢中，且市場狀態被策略識別為「trending_bull」。
*   **積極的動能積累:** RSI和MACD均顯示出強勁的買方動能，MACD的看漲排列尤其突出，暗示價格有進一步上漲的潛力。
*   **量價配合良好:** 高於平均水平的成交量配合K線強勢收盤，驗證了當前上漲的有效性和市場參與者的積極性。
*   **波動性擴張:** ATR擴張表明市場活躍度增加，有利於趨勢的延續。

綜合來看，策略V12_C3在15分鐘圖上捕捉到了一個在強勁上升趨勢中，伴隨動能、成交量和價格行為多重確認的買入機會。

### 風險提示

1.  **市場波動性:** 加密貨幣市場以其極高的波動性著稱，即使有強勁的技術訊號，價格也可能迅速反轉。
2.  **止損點位:** 訊號已提供明確的止損點 (77100 USDT)。若價格跌破此點位，應嚴格執行止損以限制潛在損失。此交易的潛在損失為：78400 - 77100 = 1300 USDT。
3.  **盈虧比 (R:R):** 潛在利潤為 79900 - 78400 = 1500 USDT。潛在損失為 1300 USDT。因此，盈虧比約為 1500 / 1300 ≈ 1.15:1。這是一個可接受的盈虧比，但並非特別高，意味著需要較高的勝率來維持盈利。
4.  **時間框架風險:** 15分鐘的時間框架屬於短線交易，市場噪音較多，價格波動可能更為劇烈且難以預測，需要密切監控。
5.  **策略局限性:** 任何量化策略都無法保證100%的成功率。市場條件可能迅速變化，導致策略失效。
6.  **非財務建議:** 本分析僅基於提供的量化訊號數據，不構成任何投資建議。在進行任何交易前，請務必進行獨立研究並評估自身風險承受能力。

### 新聞 / 基本面檢查

根據提供的JSON訊號，**沒有包含任何新聞或基本面數據**。因此，本分析無法從新聞或基本面角度進行評估。

**重要提示:** 儘管技術面訊號強勁，但重大的宏觀經濟事件、監管新聞、主要交易所公告或比特幣網路的特定發展都可能對價格產生劇烈影響，甚至蓋過技術面的影響。在執行此交易前，強烈建議交易者自行查閱最新的加密貨幣市場新聞和相關基本面資訊，以確保沒有潛在的負面催化劑。

### 來源 (Sources)

本分析的數據來源僅限於提供的量化交易訊號 JSON 文件。

### leave_a_comment

此BTC/USDT買入訊號在技術面上呈現出高度的協同性，特別是強勁的ADX趨勢確認、積極的MACD/RSI動能以及高成交量配合的看漲K線收盤，這些都指向一個潛在的強勢上漲機會。策略將市場識別為「trending_bull」也進一步支持了這一判斷。然而，1.15:1的盈虧比雖然合格，但並非特別突出，且15分鐘的短線操作要求嚴格的風險管理和快速反應。在執行前，務必確認沒有突發的負面新聞或基本面事件。",[]
metadata_integrated_1777826829,2026-05-04T00:00:00Z,2026-05-04T00:00:00Z,V12_C3,15m_clean,15m,primary,BTC/USDT,buy,78400,77100,79900,650,38.2,34.5,0.31,36.8,2.4,1.12,0.72,61.5,123.4,98.7,24.7,0.74,trending_bull,False,signal_logged,,,,已取得 9 個可驗證新聞來源；,"[{""title"": ""binance.com"", ""url"": ""https://vertexaisearch.cloud.google.com/grounding-api-redirect/AUZIYQFa2xNGieo0YWo_KItJONiJcAQ0pKX1OldXOup694gISgd1ckcuW1RvY-WqcBr_N5PE3S30yeFeF15zEs8HxJTnPBxbPkNiCCI5ZJrsw05J-nmGnxetkKUzTY4-x_Jb0Vg2HQtNN1Ve"", ""publisher"": """", ""published_at"": """"}, {""title"": ""futunn.com"", ""url"": ""https://vertexaisearch.cloud.google.com/grounding-api-redirect/AUZIYQGrTeRdwJ5WmwPSdxQnoigL_pEu1M9RrVDdHLjQhMsETvZrC84pFjmss21Fp9UURUwiB1KZSimWJCJorD-9uKYolPFKmQvyKGAjnlszq70Qy1vhH2PqMYFJSLOehTb1R-mscWs="", ""publisher"": """", ""published_at"": """"}, {""title"": ""blocktempo.com"", ""url"": ""https://vertexaisearch.cloud.google.com/grounding-api-redirect/AUZIYQFJmqWZdJDTPQC6LDasXezJC-l44vTvuea4LIp9-C-IczrhP7CQXCtNDFQk6MhqlsyyYwIp2Lmwts6JTxS0UsRLs95Z1EeaN0W_p30Nn_5xlZIv4d7TfHbtfhV4Ff00ixaDjWbS3EXi6NTsAV6rBOzj8DFvrZ2D_D54EcAEcsKAD7UBB5CH"", ""publisher"": """", ""published_at"": """"}, {""title"": ""mexc.com"", ""url"": ""https://vertexaisearch.cloud.google.com/grounding-api-redirect/AUZIYQHgRmr2I51kM-GnDnSy9eAQP6UYOvIoimr8gEBIuz9_e8xydSCpp1sT5PokuAF1cOOwRebLcJHhrl07LH7GX5u07aES7wpY6MlvEN6WkJc34UggD_Wi_8dJPftvMDqft1Le"", ""publisher"": """", ""published_at"": """"}, {""title"": ""mexc.com"", ""url"": ""https://vertexaisearch.cloud.google.com/grounding-api-redirect/AUZIYQHhmR6uvj85cuVNTcOTbM0DHkxhvgytSquHYIipsXJPpBb7Hk2q3SAc_-ErQF9Mwqj0-HIFPyVhEpmapTNhtWWrlezd0fmOmMJ8zJXE9YMMJ7tn95JOVg3BYEIamVBsbKvU"", ""publisher"": """", ""published_at"": """"}, {""title"": ""mexc.com"", ""url"": ""https://vertexaisearch.cloud.google.com/grounding-api-redirect/AUZIYQGGrIhynIQhxjxFVg5TjdlR-0FhVaKs_RzuhXY2y9WInerS5MPJtQx9Sep9tcbXlVmYJUDPiZAusnxwJRHc8tQaD9j_K9kmmzvRFh_9YKI89903JBI1WnUslvU85lBUlwlQ"", ""publisher"": """", ""published_at"": """"}, {""title"": ""coincarp.com"", ""url"": ""https://vertexaisearch.cloud.google.com/grounding-api-redirect/AUZIYQH0KTsK-jvmerdcw20HEOiY044CT99e2Okt-8ARtls0Aewmg7vQ25IhC8SKCdey_ns2tYEIh7C7ShR6FaxzQaO6Edg3vmqXhnJJlXnWOqqH8TJUtjLm_Rs3N2nXGEIuhsgXJZM="", ""publisher"": """", ""published_at"": """"}, {""title"": ""binance.com"", ""url"": ""https://vertexaisearch.cloud.google.com/grounding-api-redirect/AUZIYQGONtv7Zn7SZvc4WquRHO390HZETQZ_YqriKTU6mKylPZUiOB5V78x95N-CsW9L4oLu2nrzmyy87UxQsa06hBwwcybgreWybv0BGXMkpLB5RgIhq9uUu_jcabOlUVOekWgclKz1"", ""publisher"": """", ""published_at"": """"}, {""title"": ""binance.com"", ""url"": ""https://vertexaisearch.cloud.google.com/grounding-api-redirect/AUZIYQHequoz8MVrAY4LbhZtEKCXcNrWvFTMwp4kgua1CGk9pbvljDtjSb37rAmAlWgT4oMlLwmNS-0TJ9e7u0a6iRp_pMWhzfAcLq5YvNPmGqjHRYzhQ2sqx2cy9SF2Lv5oAPKhn_QCgZMgThec9PO3n57zpOou"", ""publisher"": """", ""published_at"": """"}]"
fundamental-comment-integrated-1777856360,,2026-05-04T12:00:00Z,V12_C3,15m_clean,15m,primary,BTC/USDT,buy,78400,77100,79900,866.67,38.2,34.5,0.31,36.8,2.4,1.12,0.72,61.5,123.4,98.7,24.7,0.74,trending_bull,False,,,,,"【技術面】
ADX指標顯示強勁的趨勢動能，BTC RE為正值，配合高成交量比率，表明有顯著的買盤興趣。RSI和MACD指標均支持看漲動能，價格行為處於趨勢性牛市區間。

【入場理由】
此V12訊號觸發是基於多項技術指標的綜合判斷：ADX值高於30，確認了強勁的趨勢；BTC RE為正值，顯示市場情緒偏多；成交量比率高達2.4，表明買盤活躍；RSI位於61.5，MACD柱狀圖為正，均指示上漲動能；且價格處於趨勢性牛市區間，K線收盤位置強勁。

【基本面 / 新聞】
根據最近24小時的搜尋結果，比特幣價格回升至79,000美元上方，受到美國現貨比特幣ETF強勁資金流入（四月淨流入19.7億美元）和《清晰法案》在穩定幣監管方面取得進展的提振。此外，標普500指數創下新高，與比特幣復甦趨勢一致，且鏈上數據顯示大戶對比特幣興趣增加。然而，市場也存在謹慎情緒，包括華倫·巴菲特對高風險投資的警告，以及CryptoQuant指出比特幣漲勢可能具投機性並存在修正風險。地緣政治緊張和部分國家監管收緊也帶來不確定性。目前未找到可驗證的重大基本面利多/利空。

【基本面對交易方向的影響】
基本面方向：mixed
相關性：high
原因：儘管機構資金流入和監管進展帶來利好，但投機性警告和宏觀不確定性形成對沖，使得基本面方向複雜。

【風險提醒】
鑑於市場存在對投機性需求的警告和潛在的修正風險，以及地緣政治和部分國家監管政策的不確定性，此交易存在較高風險。新聞來源雖有，但多空交織，不應只依賴技術面進行決策，務必謹慎評估並管理風險。","[{""title"": ""theblock.co"", ""url"": ""https://vertexaisearch.cloud.google.com/grounding-api-redirect/AUZIYQEjnftV0nMvInSwE48XdLKbyW_QIORptBx6A1--nqkLV-I7_6kIFCH5nGW8X2DB3EVmc63s6_nizsakz82lBpI3KIJ6_SfcP8XWzXpBsILHeTXt"", ""publisher"": """", ""published_at"": """"}, {""title"": ""coinbase.com"", ""url"": ""https://vertexaisearch.cloud.google.com/grounding-api-redirect/AUZIYQF_PTz7XTNSaIWsjLxvW67CrWypRMwgiNECohkfgpvuqmvXx60de8HlyJNhcqns5B4bymvpmc5Xiy6xyBLOc_COj7wjTPxaODIs3Et197EwM_r18L6QNexwvtJ9tvYw-BQ="", ""publisher"": """", ""published_at"": """"}, {""title"": ""binance.com"", ""url"": ""https://vertexaisearch.cloud.google.com/grounding-api-redirect/AUZIYQHn3gw5rqLaxTkZGa2wG08Bm6oTkmRePYSTyFYGbSQmVePBDj50iKAoA48NM45HlEdWN2jm7Y3H5MOs2dAxV5DokSwOws5_4vltSRA30rSRSAPNLygkR2mW1PfL-eO8Cg3EPKijSYg3iXmXO3fM"", ""publisher"": """", ""published_at"": """"}, {""title"": ""binance.com"", ""url"": ""https://vertexaisearch.cloud.google.com/grounding-api-redirect/AUZIYQESJixvsrlAnEmASVpwmBlljj69w3973CQHIw-Ng-3-kZlLti9TSA0nHV-bwKOrAvcVFh4WrgoUIwSoJQ73dAvF9IZS0410BT82SjDa29fUM_i1p-_4pkEkK0rWv_T8NpnFgUPeREplNG3IrHeHjl7D"", ""publisher"": """", ""published_at"": """"}, {""title"": ""investing.com"", ""url"": ""https://vertexaisearch.cloud.google.com/grounding-api-redirect/AUZIYQHr75cuZfaNLs7ilDcMympEu8Rrsyous0MkcNXpLtegVnkdxCKoF6Hq4TNZj0yNKVDlyByBiEey2QivqU3xsImxCJceIHhEL_f8gmFQ2NEHAdKqEoSkBGIhIaNAn-DNEqPfkiH5hqsOPvV-NCLkOvzpSbyOhabvF4uDrC324MUSN86t2hgSXueyNXkuKCaCYU8nn8NZ6yhN3BRtKq_e00keri2hwBHrOFSDeOwZL-HzJbu-AWrR"", ""publisher"": """", ""published_at"": """"}, {""title"": ""newsnow.com"", ""url"": ""https://vertexaisearch.cloud.google.com/grounding-api-redirect/AUZIYQGG_if5Kc-7IwqeUHIADeUL0TQqi0Yl_7anFdl53CTBrkUoksI7d5QKZGJUUz7TWfjn1ylJoxICio_5M4Z0-SylwxUSKIlKE_iFFltsm2IS8hq1tMmsC5BS9RtjnWxzDZ19193b5RmUEuZmtPx0VIpJ5cXgwl5c"", ""publisher"": """", ""published_at"": """"}, {""title"": ""binance.com"", ""url"": ""https://vertexaisearch.cloud.google.com/grounding-api-redirect/AUZIYQFCkuQBPEHqLhiNtpjdrfOCeYiTOCyB_M8TqWZELZlk0-eE1XJOIS4Mr1ZTwB1tjkBrvzlCoLv8AZJ2q_maWKmNjmFXmEUm1PB9Y45nEgKV64brZOuDHjbzIYSJuX9RdIracGQe1AoyJB_9b5Z9GguO"", ""publisher"": """", ""published_at"": """"}, {""title"": ""247wallst.com"", ""url"": ""https://vertexaisearch.cloud.google.com/grounding-api-redirect/AUZIYQH0ffXAHeQmUprqKhM_TsJFUuxjzdZErxsyZEfcFc3LGHUpWa5bd2CusdwY6Ak--XYTAkhq-Dmv38nOpRLdbUzG5yTiffaypQdMm2CjUfTTazAj3AH1rkglq4OUM_lwQ7klT19fykpVApQzKBTEeAoNHvmjoOhT5cH3HCEP7P1xxboKRmtiZlyD7L2MPs6JEy0sRdkWijOMl9nzO2QRBqvwKCaYEh-EKgTY7P1kv7WCW-9Q6703BhFJFw7LycDIvQVqe8eUKllW5QQ="", ""publisher"": """", ""published_at"": """"}, {""title"": ""Bitcoin.com News: Latest Crypto News Across All Key Markets"", ""url"": ""https://vertexaisearch.cloud.google.com/grounding-api-redirect/AUZIYQE5qyD3f6BqGA5gk__Slo3L1zpNZQF_xNFpG2irPdYzZAOioOLK7M2FUGLcJHODvncw1ofm3UGaEEL4bRGd_H79Uub_ILRIH9t-N7vtjktBbyPD9w=="", ""publisher"": ""Bitcoin.com News"", ""published_at"": ""2026-05-03T09:59:00Z""}, {""title"": ""Bitcoin (BTC) Price Today: BTC Live Price, Charts, News - Crypto.com International"", ""url"": ""https://vertexaisearch.cloud.google.com/grounding-api-redirect/AUZIYQFub1vnfIXqBLs0M0RWrVPtk-B-2B84RM2HujNwMaYkjPVNyJhyfH8LvU2fM3qwQSM5YxTyzMwgYmB8deUq5U0-AzrJZVHsfUUjNhqxRMa9OgC3FjwTZE3U1JG9SCM="", ""publisher"": ""Crypto.com International"", ""published_at"": ""2026-05-03T00:00:00Z""}, {""title"": ""Bitcoin Price: BTC/USD Live Price Chart, Market Cap & News Today | CoinGecko"", ""url"": ""https://vertexaisearch.cloud.google.com/grounding-api-redirect/AUZIYQE6qGsvBS8BBSS0vP1d3o1XG_lvYR9LfiT7pg-dgWH5GPgkPSnkdZjBdPROuCWaC7QoHPSGpzXMcg9Z-ZvH9V5xuQXddW9IWR_-3qP8xSpCbufrsd6CWhasucroJYQlhHH5zHqC"", ""publisher"": ""CoinGecko"", ""published_at"": ""2026-05-03T00:00:00Z""}, {""title"": ""Bitcoin targets $80,000 amid regulatory progress and S&P 500 record By Investing.com"", ""url"": ""https://vertexaisearch.google.com/grounding-api-redirect/AUZIYQHr75cuZfaNLs7ilDcMympEu8Rrsyous0MkcNXpLtegVnkdxCKoF6Hq4TNZj0yNKVDlyByBiEey2QivqU3xsImjCJceIHhEL_f8gmFQ2NEHAdKqEoSkBGIhIaNAn-DNEqPfkiH5hqsOPvV-NCLkOvzpSbyOhabvF4uDrC324MUSN86t2hgSXueyNXkuKCaCYU8nn8NZ6yhN3BRtKq_e00keri2hwBHrOFSDeOwZL-HzJbu-AWrR"", ""publisher"": ""Investing.com"", ""published_at"": ""2026-05-03T09:21:00Z""}]"
v12-dry-run-sol-1777857207,,2026-05-04T12:00:00Z,V12_C3,15m_clean,15m,primary,SOL/USDT,buy,148.5,144.27,154.73,2.82,33.4,31.8,0.29,35.2,2.1,1.08,0.71,54.3,0.42,0.31,0.11,,trending_bull,False,,,,,"【技術面】
ADX值顯示市場處於強勁趨勢，BTC RE為正，成交量比率高於1，RSI和MACD指標均呈現多頭動能，且K線收盤位置顯示買方力量佔優。

【入場理由】
這筆V12訊號觸發買入，主要基於其在趨勢看漲（trending_bull）的市場環境中，ADX值高於30確認趨勢強度，同時伴隨高成交量比率、正向MACD和RSI指標，以及K線收盤位置顯示的買方控制。

【基本面 / 新聞】
目前市場基本面呈現複雜局面。整體加密貨幣市場受美國穩定幣監管《清晰法案》進展和比特幣現貨ETF大量資金流入的利好提振。然而，Solana生態系統面臨挑戰，包括與Drift Protocol駭客攻擊相關的集體訴訟，以及Solana每日交易量降至2026年1月以來的最低水平。儘管Solana在後量子安全和代幣化資產方面有積極發展，但加密貨幣風險投資的整體下降也顯示出市場的謹慎情緒。

【基本面對交易方向的影響】
基本面方向：mixed
相關性：high
原因：整體市場的監管利好和機構資金流入為多頭方向提供了支持，但Solana生態系統內部的負面事件（訴訟、交易量下降）則帶來了看跌壓力，形成混合影響。

【風險提醒】
儘管技術面顯示看漲，但基本面存在顯著的混合信號。Solana生態系統的法律訴訟和交易量下降是值得關注的利空因素。此外，有分析師對比特幣近期漲勢的投機性提出警告，且加密貨幣風險投資的減少也表明市場整體趨於謹慎。因此，不應只依賴技術面，需密切關注基本面發展。","[{""title"": ""bitcoin.com"", ""url"": ""https://vertexaisearch.cloud.google.com/grounding-api-redirect/AUZIYQFrln5JEeQgiFQ5H7YIACKxVDGARCGmvRKPv-bga5bxOUBhUqkDYR-4E1MMz6-xCTdYxPBIzzeSWumF8UBqvn7Ty4MYSTfnjLKw6QVFplkw9Inc-qc="", ""publisher"": """", ""published_at"": """"}, {""title"": ""theblock.co"", ""url"": ""https://vertexaisearch.cloud.google.com/grounding-api-redirect/AUZIYQHDrmVm0YOs_GCu-pDp8S6yka1jP794yvCfyJFd7Iwkrs3qpn-LAm3bi2qnydOZgOHl1MIvj8jy8IGz1VmIdlEkxejR9ZKMNpA-60rSPmGcggzyfw=="", ""publisher"": """", ""published_at"": """"}, {""title"": ""decrypt.co"", ""url"": ""https://vertexaisearch.cloud.google.com/grounding-api-redirect/AUZIYQHcEt-FecvMW9x6gMUYNGf-LhAQfouLCK8EqqnAq9tRGAtJolcO9edxq27ws9a-KYwoLLsopRtXGe5Kbno-f7klpHFo2PC-yBWla9FD_8vWZv1S0KXHwbkZRvAU9GpFWwM="", ""publisher"": """", ""published_at"": """"}, {""title"": ""mexc.com"", ""url"": ""https://vertexaisearch.cloud.google.com/grounding-api-redirect/AUZIYQEKcOXrLNtQC-dd0GUp1B341TlarvKclzTw0DnNXFnzw0DEqlQclJxlgXOjEc_coRpDiYOdhwWqN36CGxAHnheBKhBnb1iR8feG26n8fmsvHBbVa17x_o__Ai-oqg=="", ""publisher"": """", ""published_at"": """"}, {""title"": ""kraken.com"", ""url"": ""https://vertexaisearch.cloud.google.com/grounding-api-redirect/AUZIYQF0MJnwa9h0dADLHhNlI6tiff3eMff6wjaZzyu-OrM-6ArDkycWsIPDlQNoc7bzfWnbNJcEKOBniV0KhiSYCegscQ48G8V-OE5qif7x3C0Bp8ue0O42G-W-5D6I3WqMbg=="", ""publisher"": """", ""published_at"": """"}, {""title"": ""binance.com"", ""url"": ""https://vertexaisearch.cloud.google.com/grounding-api-redirect/AUZIYQGAsLitR7nuQ4kcFvJRA8-T0HDs-dYxv06pihBfTc5viS8xyWI1j_3Rt5jTEOKPp20SKJpMq2yIm6OwjrNzhNkKtd681CBDZo5Nl0Deo2p7avpceBZ6ZQ2lEI-D6DE0HPcYQUfhcwGRi1P80C07RXvmXg=="", ""publisher"": """", ""published_at"": """"}, {""title"": ""crypto.com"", ""url"": ""https://vertexaisearch.cloud.google.com/grounding-api-redirect/AUZIYQHA-YZWebeLM0uaI4ae98APsS5EwEJyM5w-h58ROtXN8O45_xxaIymV03ySyPGijqX519D-KeXhFeIg_CgVEMhVRedwJerfpsva6JRcZ0RVW4GYvuJ3UNUzzXxR4Nyy"", ""publisher"": """", ""published_at"": """"}, {""title"": ""investing.com"", ""url"": ""https://vertexaisearch.cloud.google.com/grounding-api-redirect/AUZIYQFGEpUyJ7H4O0Yuxw7WKJSWZf-vouaZyGbITlyr5lXPRz6J7AB9mCPC_r7Xsm6X3O4xwNkh4F0pJyadFlrk-nKMO8bRvfRtr-kiarHoVvyCHjg06z4hWnQqB15C2yEigEV0WJ3_8teHNbGz-RtQNOyXf0x-heymlkmiL3QI1ZTqnZZn1uWoNyI_5SsDVmDBvhBi59lVb6wAiY2uwcXVtQPlx7bo5BZiF_Ru-X6A8dImBbkUS8RHZA=="", ""publisher"": """", ""published_at"": """"}, {""title"": ""247wallst.com"", ""url"": ""https://vertexaisearch.cloud.google.com/grounding-api-redirect/AUZIYQFvlYwOz4OyIUOa8RyUd7JTZywW4EYittqVANESVa08L2NW5DVoVkfOAIRpNUuDHC0XW-M_dkozubQutVXz8AmF9Hs_4JkBTk8NlmpYcQzUfHYbpUHyWMNP6CETVWiAQ6ufc5IvsDz_iAFaHjIIOQWu4iOJjIi6bUUGHjJ_fe-putfGr6xdLo4LuKavZcUiJPjh4Fu5_NyrClpJzqjAAwTcMxfUgP3r8NJIMJtks0gN9wj4RCnT-JKpXSKldFQsyByrsFxNBODihyJg"", ""publisher"": """", ""published_at"": """"}, {""title"": ""Bitcoin Latest BTC News - NewsNow"", ""url"": ""https://vertexaisearch.cloud.google.com/grounding-api-redirect/AUZIYQEFN0CdQYV1Mb8b9gt6YIBxmwrCDMNpxWA29HBHxj0xzl0O4g_2Sy_-xpIrJJNPa3pIqt3hfwcz2AIsOc_zRFjMjAgwOr2a6vbZ_3wqsLtEhgHsf41HV6CkJSUGyXh14CDOedvMlZ3jmaFVQ5skP2OJ5NDki6osHg=="", ""publisher"": ""NewsNow"", ""published_at"": ""2026-05-03T06:04:00Z""}, {""title"": ""Bitcoin Price: BTC/USD Live Price Chart, Market Cap & News Today | CoinGecko"", ""url"": ""https://vertexaisearch.cloud.google.com/grounding-api-redirect/AUZIYQEupuNn8RmdG2XW1wj3t5FuRtmTbMJwAb6GhIrarXDUCujah6GxjVX0Z-WbyvHm7Qm7N0GcJsIO2_CuNMzzccyARb4JnDNNHcJLkvfTYqctq3EfVYq66k-wa8doJtroZSjkHsRlHw=="", ""publisher"": ""CoinGecko"", ""published_at"": ""2026-05-04T00:00:00Z""}, {""title"": ""Latest ##solusdt! News, Opinions and Feed Today | Binance Square"", ""url"": ""https://vertexaisearch.cloud.google.com/grounding-api-redirect/AUZIYQEPP7Qyxutbnoh-plb7Y_r7UpjFUW_si3wn5YDx8Fo_lUcdiV-cuYbfgx_IKHt5Ajrz4IYo2eNnG9Eel-k9l8nXlDvVTWWeyylJyxkHDnx7epnccADPuHlbfTkU-I-viQpND4nTSv7kcOa5ycapE1g=="", ""publisher"": ""Binance Square"", ""published_at"": ""2025-01-24T00:00:00Z""}, {""title"": ""SOL/USDT.Binance (SOLUSDT.BIN) News Flow - Moomoo"", ""url"": ""https://vertexaisearch.cloud.google.com/grounding-api-redirect/AUZIYQGWjEZv5BcXxCvxpWIMLUCc32FEm57CSRl7DHXCL8msjiszWhNjMN62PDW_-k66AWpU722eYowN8m58nqbqS9Y7wa9-IGixzxjE1LobW6M0_CAHUuM6B1C7CHseR177X2K7DVyZg8Vt2U0Rbn4=="", ""publisher"": ""Moomoo"", ""published_at"": ""2026-05-01T16:02:00Z""}, {""title"": ""SOLUSDT Chart — Solana to Tether Price - TradingView"", ""url"": ""https://vertexaisearch.cloud.google.com/grounding-api-redirect/AUZIYQHegbR2eb2t3OUxGjY0jd5NIW0CKHLMUzgEoJ6bnk8EThgWkRTotQ3n1hkvB9O22okV7vBsXdFSlTp6s7n7eDjqfskSbwbRJJuUT9kkgF7aSQXL4UAuptErjKgHfFJ3h101CgFSMUyI"", ""publisher"": ""TradingView"", ""published_at"": ""2026-05-04T00:00:00Z""}, {""title"": ""Solana News Today | Latest SOL Updates - Bitget"", ""url"": ""https://vertexaisearch.cloud.google.com/grounding-api-redirect/AUZIYQGDAmQgycOJJT_NeQGg93GiXzXiLrXCvaKg4I57qLtHMYAXjq2pXsrZCQQ6cdN293cwYy5ossfeDzmEuZrB-lEIGCsYNXgCIBTWBb4eZwP0Fxf5r7y5ozR7DoEIGw_Z0jtcFC8="", ""publisher"": ""Bitget"", ""published_at"": ""2026-04-29T00:00:00Z""}, {""title"": ""Solana (SOL) Price USD Today, News, Charts, Market Cap | Coinbase"", ""url"": ""https://vertexaisearch.cloud.google.com/grounding-api-redirect/AUZIYQFuIuJpkqW1Y2lpSxHu3KiLuQaThpgcfeAYx8AoctYPapS7ue9mb_wNsvOQMAK7CjKDwPI2-U8kZAP4juw5ga2pCmH9pyCOq4QwRJjI78dSIXyv45lDm3J-ePrS8n_AIXg="", ""publisher"": ""Coinbase"", ""published_at"": ""2026-05-04T00:00:00Z""}, {""title"": ""Daily Briefing: Crypto and other markets move sideways, the SEC and CFTC make peace, and the Fed's next move - Luno Discover"", ""url"": ""https://vertexaisearch.cloud.google.com/grounding-api-redirect/AUZIYQHn4p34z_-wsu001ENtImJWm8r-FPM-QKiciKLGg6ODVhrNwySnoo1BTtVKZsO2fks6Np8v3mW5dUV5VcijXrFSrlZj-bXJKvcrU3k-4RpOrqF7hjifc8bqy6waN5kfP20v8qEg"", ""publisher"": ""Luno Discover"", ""published_at"": ""2026-03-12T00:00:00Z""}, {""title"": ""84.11 | SOLUSDT | Binance Spot"", ""url"": ""https://vertexaisearch.cloud.google.com/grounding-api-redirect/AUZIYQFN8VVDQX9-xVW3gbKFphbPLoHTNbfbs9Fub8Avp0gHs4cxCZU1Qr_lt2U1tDeS7TJ7YYOsxT-d0MR_nFzMGr3DawssDbw3lmqQoE1L_ww7nDm9YePsliH365drahcjW-mzfqMnX8gk"", ""publisher"": ""Binance"", ""published_at"": ""2026-04-30T00:00:00Z""}, {""title"": ""Trump Declares End to Iran Hostilities, Oil Falls, Bitcoin Reclaims $78K — April ETFs Hit 2026 Record as Clarity Act Clears Key Hurdle - Binance"", ""url"": ""https://vertexaisearch.cloud.google.com/grounding-api-redirect/AUZIYQGAsLitR7nuQ4kcFvJRA8-T0HDs-dYxv06pihBfTc5viS8xyWI1j_3Rt5jTEOKPp20SKJpMq2yIm6OwjrNzhNkKtd681CBDZo5Nl0Deo2p7avpceBZ6ZQ2lEI-D6DE0HPcYQUFhcwGRi1P80C07RXvmXg=="", ""publisher"": ""Binance News"", ""published_at"": ""2026-05-02T00:00:00Z""}, {""title"": ""84.50 | SOL USDT | Solana to USDT – Binance Spot"", ""url"": ""https://vertexaisearch.cloud.google.com/grounding-api-redirect/AUZIYQH_lWcxFEB7M6VJGLsqqiYkQUC5zp_AU0OyIcM54rXZYWMgL9pRztAvxmSc5HNrJOlLjZD5vwdEyF2syAEqkIR5mbhq4j3VO_oXLRxm51dgPIfhJYU37h5e_W_GOTZoPekDlO0t"", ""publisher"": ""Binance"", ""published_at"": ""2026-04-30T00:00:00Z""}, {""title"": ""84.20 | SOL USDT | Solana to USDT – Binance Spot"", ""url"": ""https://vertexaisearch.cloud.google.com/grounding-api-redirect/AUZIYQE8dDP-NSd5gc821i9LgW48nSZ-4a6rwjutrUqMqSlxs8X85AzNrX8vNCW6BDzuMlVWxEnA7qlSVUv7qKoYrcG7iF7JJhKLiqPGhxk3_xAntHAIL-OgdviTJSAgvmrt635ajPPohzIO"", ""publisher"": ""Binance"", ""published_at"": ""2026-05-04T00:00:00Z""}, {""title"": ""84.650 | SOL/USDT (Binance) – Price today, Live Order Book, Trades & Alerts - CryptoMeter"", ""url"": ""https://vertexaisearch.cloud.google.com/grounding-api-redirect/AUZIYQEWrxreIZpNchhZ679SeFNH15LxWtLjxMLckK-ELc6z_34_yuBhTLhO5ROqwr6E23NyTjb5Q3A_emJ91U2zmNHLjOctp5A-ebzpzilkWgW5sNKk_tKJWMoqs8Gp-9whX7ylgTK43zoEPj9DPQ=="", ""publisher"": ""CryptoMeter"", ""published_at"": ""2026-05-03T00:00:00Z""}, {""title"": ""Solana hack results in $8M cryptocurrency theft - Class Action Lawsuits"", ""url"": ""https://vertexaisearch.cloud.google.com/grounding-api-redirect/AUZIYQHYm34d8myW_EYvZBwqddVEXyQOgawrNmR5tS7PCia6NwuI76rGTACjv4BPuq6sF2uPoePe9216kyOl5pIkwGAO8CmfHas3x3ry7qX8yvAnx9sMo3m79IIR-fRgo5mKl1DJzWWxx09E_i2Ufgr44NlyyS-To0n60g15WQ9SBx6UvFBQBtWhEk_cmq4ycGimMZ5_xf9rFvo8SMV_6Pxp0v_CyjwwsNFKGvf49A=="", ""publisher"": ""Class Action Lawsuits"", ""published_at"": ""2022-08-08T00:00:00Z""}, {""title"": ""Should You Dump Bitcoin for Stocks After the S&P 500 Hit a New Record on Apple's $100 Billion Buyback? - 24/7 Wall Street"", ""url"": ""https://vertexaisearch.cloud.google.com/grounding-api-redirect/AUZIYQFvlYwOz4OyIUOa8RyUd7JTZywW4EYittqVANESVa08L2NW5DVoVkfOAIRpNUuDHC0XW-M_dkozubQutVXz8AmF9Hs_4JkBTk8NlmpYcQzUfHYbpUHyWMNP6CETVWiAQ6ufc5IvsDz_iAFaHjIIOQWu4iOJjIi6bUUGHjJ_fe-putfGr6xdLo4LuKavZcUiJPjh4Fu5_NyrClpJzqjAAwTcMxfUgP3r8NJIMJtks0gN9wj4RCnT-JKpXSKldFQsyByrsFxNBODihyJg=="", ""publisher"": ""24/7 Wall Street"", ""published_at"": ""2026-05-03T00:00:00Z""}, {""title"": ""Solana News Today - Decrypt"", ""url"": ""https://vertexaisearch.cloud.google.com/grounding-api-redirect/AUZIYQHcEt-FecvMW9x6gMUYNGF-LhAQfouLCK8EqqnAq9tRGAtJolcO9edxq27ws9a-KYwoLLsopRtXGe5Kbno-f7klpHFo2PC-yBWla9FD_8vWZv1S0KXHwbkZRvAU9GpFWwM=="", ""publisher"": ""Decrypt"", ""published_at"": ""2026-04-29T00:00:00Z""}, {""title"": ""$290M KelpDAO Exploit, USDT Surges on Solana, Toly's 5 $SOL Challenge & More"", ""url"": ""https://vertexaisearch.cloud.google.com/grounding-api-redirect/AUZIYQH9mXxtuWf74aSXuo93wccpMZTnu2YVedcRliskQBjgJ-9govxq8Tq8Q7cuRoDSMgA__0U1XIoC-bEOpQdxk-KMSjUQ149wSIgbRneXkXFsUX9PqnPeGIyNX-74OCaLZpGxlDnX0OQ=="", ""publisher"": ""SolanaFloor"", ""published_at"": ""2026-04-25T00:00:00Z""}, {""title"": ""3 Solana platforms to shutter following devastating $40M hack - TradingView"", ""url"": ""https://vertexaisearch.cloud.google.com/grounding-api-redirect/AUZIYQFhq1d_WD-rxV_FVLysLh88oyidCfK8pfEaQkG9Kefbt9lyf5o3iJ1bckFUm5h3HJoCoubIHG61vLI3IOjMVHsmb2nK06Oj3nPGfGHQBARhLLHtMRAF-UUGYjD_b13kvMc4enqzfEh8QyxjkKej6oV7gUbUWQhdYA0ajECLF3ki0kgWnkXgC_gWg6IOJTlNJ6u7NLeC5a_hm3100jkd_frLJT4aEmDE5qKAD77jSbexO27LDWicR7o=="", ""publisher"": ""TradingView"", ""published_at"": ""2026-02-23T00:00:00Z""}]"
v12-final-dry-run-1777857644,,2026-05-04T12:30:00Z,V12_C3,15m_clean,15m,primary,BTC/USDT,buy,78400,77100,79900,866.67,38.2,34.5,0.31,36.8,2.4,1.12,0.72,61.5,123.4,98.7,24.7,0.74,trending_bull,False,,,,,"【技術面】
ADX指標顯示市場處於強勁趨勢中，BTC相對強度為正，交易量比率高，RSI和MACD均呈現看漲動能，且K線收盤位置強勁，整體技術面處於趨勢性牛市。

【入場理由】
此V12訊號觸發買入，係因ADX指標（38.2和34.5）確認強勁趨勢，BTC相對強度（0.31）為正，交易量比率（2.4）顯著，RSI（61.5）和MACD（123.4，信號線98.7，柱狀圖24.7）均顯示看漲動能，且K線收盤位置（0.72）強勢，符合趨勢性牛市（trending_bull）的入場條件。

【基本面 / 新聞】
最近24小時內，比特幣價格突破79,000 USDT大關，24小時內小幅上漲。鏈上數據顯示，大量「聰明錢」流入比特幣，分析師預計價格可能上漲至85,000至86,309美元。摩根士丹利推出了首個銀行發行的比特幣ETP，六天內吸引了超過1億美元資金。美國加密貨幣立法方面，《清晰法案》在穩定幣收益條款上取得關鍵妥協，進展順利。Coinbase在澳大利亞推出自管養老金支持，可投資數字資產。然而，Bisq協議遭遇安全漏洞，約11枚BTC被盜，目前正在討論賠償方案。地緣政治方面，美伊衝突持續影響全球市場，導致油價上漲和通脹，並收緊美國貸款標準，儘管有消息稱特朗普宣布結束對伊朗的敵對行為，使油價下跌，比特幣重返78K美元。此外，2026年零售投資者明顯偏好半導體ETF而非加密貨幣ETF。香港金管局發布了關於假冒代幣的警告。

【基本面對交易方向的影響】
基本面方向：mixed
相關性：high
原因：比特幣價格上漲、聰明錢流入及機構ETP推出等利好消息支持技術面看漲，但地緣政治緊張、Bisq協議遭駭以及零售資金流向半導體ETF等利空或不確定因素，使得整體基本面呈現複雜的混合態勢。

【風險提醒】
市場存在地緣政治風險，如美伊衝突可能對全球經濟和風險資產造成影響。加密貨幣市場仍面臨駭客攻擊風險，如Bisq協議的漏洞事件。此外，零售投資者對加密貨幣ETF的偏好下降，以及摩根士丹利指出比特幣進入美國銀行資產負債表仍面臨監管障礙，都提醒投資者應保持警惕。新聞來源充足，但市場情緒複雜，不應只依賴技術面。","[{""title"": ""binance.com"", ""url"": ""https://vertexaisearch.cloud.google.com/grounding-api-redirect/AUZIYQH1DUtbcFMZ0oxrS_7j8t3D_N7_Gl3kJSFxgo-4B4T8UZTJZQiKsZ5ltSCnT6TQ82fF2gWgh--ZwxYxmyxSKhrkTR5fCt9jyj6yh9XLaNDaoFUYiTtts2nsAbhKhYhUB5JywOldX7tt"", ""publisher"": """", ""published_at"": """"}, {""title"": ""binance.com"", ""url"": ""https://vertexaisearch.cloud.google.com/grounding-api-redirect/AUZIYQGbp7xfhnPq2tdcgAZJRReAlqnbD0HnY4QHWyeW9FRVYSoK4E5JEqLe6KT8CNGSwrJXVOhvxYPTNOnxG64g_87OXtjhOMmk3yPRSPezxT-HsDRRTa8ib7gkF02jKvFO3fSyt_meKC7E"", ""publisher"": """", ""published_at"": """"}, {""title"": ""binance.com"", ""url"": ""https://vertexaisearch.cloud.google.com/grounding-api-redirect/AUZIYQGHimWPi2YFKyWLWSXLYaIrKMecEK6sTB58evN0vh3dYQEcL_3eQHiTolWIOyxDvEdFSMrRDC-LpCwrEKk-3vqAK5ncY4-YEc7YUWVjcZMDIVG0F3DbDRCE9csWvJvldBcrhr7jQr4boQ-I9HOwcBmobjKN"", ""publisher"": """", ""published_at"": """"}, {""title"": ""dappchaser.com"", ""url"": ""https://vertexaisearch.cloud.google.com/grounding-api-redirect/AUZIYQF7kiiWYdBe6SYaEs8Sb9shZXWS5WhvgGYT61eRXLFFDd9ktRa3pqXSx1w0472qPVSu1HKlP0-HOdFQXKPjR3IWplunHzq-Xgb1s8vXkiQmBRraEZHHPIcPR7gH"", ""publisher"": """", ""published_at"": """"}, {""title"": ""binance.com"", ""url"": ""https://vertexaisearch.cloud.google.com/grounding-api-redirect/AUZIYQGjanvV5JEo9Y4sSFhAN3xzQrxXeBKCsyhnXLg4jXrGhaBmJLYlatVo7H10L-m-ly3VEtrIW1VKV_oygWoln7QcwOIfx5RPeJOTqQgJDqvc3Blr3M-UkWfO_TfL1s8m1JEFJllcbvp1FeobPKjzazLP6XIM"", ""publisher"": """", ""published_at"": """"}, {""title"": ""mexc.com"", ""url"": ""https://vertexaisearch.cloud.google.com/grounding-api-redirect/AUZIYQEzFO0aInppoS3Uh4ggOhYU6zcHTdeY18nEzV9mJOVE0DnK3Bx5Srju1kcf2NUCoDQV5g3ifaPOdIDSg0ex868Ojvx6HXj1301geIBFhXdxNEQwcZxSUCiYpR66UqSPl8ke"", ""publisher"": """", ""published_at"": """"}, {""title"": ""futunn.com"", ""url"": ""https://vertexaisearch.cloud.google.com/grounding-api-redirect/AUZIYQEx8VMH8GlKn7O-CrpGsLYCVYpHY9Qa497CrDCoUk9ferFY7P3rA0Ra2kpwHlqmS4UP5ZT_0imrONCFsv6huRWNehXYUGBbqHyJQQhpf7eJIq4QBnAhlw5Fnd_v_6kXzNkP2-0="", ""publisher"": """", ""published_at"": """"}, {""title"": ""今日熱門加密貨幣新聞| 幣安廣場 - Binance"", ""url"": ""https://vertexaisearch.cloud.google.com/grounding-api-redirect/AUZIYQH1DUtbcFMZ0oxrS_7j8t3D_N7_Gl3kJSFxgo-4B4T8UZTJZQiKsZ5ltSCnT6TQ82fF2gWgh--ZwxYxmyxSKhrjTR5fCt9jyj6yh9XLaNDaoFUYiTtts2nsAbhKhYhUB5JywOldX7tt"", ""publisher"": ""Binance"", ""published_at"": ""2026-05-03T20:35:00Z""}]"
gha-pipeline-test-1777859075,,2026-05-04T13:00:00Z,V12_C3,15m_clean,15m,primary,BTC/USDT,buy,78400,77100,79900,866.67,38.2,34.5,0.31,36.8,2.4,1.12,0.72,61.5,123.4,98.7,24.7,0.74,trending_bull,False,,,,,"【技術面】
ADX入場與確認值均高，顯示市場趨勢強勁。BTC RE為正，成交量比率高，RSI和MACD指標均呈現看漲動能，且K線收盤位置強勁，整體處於趨勢看漲狀態。

【入場理由】
此V12訊號觸發是基於多項技術指標的綜合判斷：ADX顯示強勁趨勢，BTC RE為正，成交量比率高，RSI和MACD均呈現看漲訊號，且價格行為在趨勢看漲區間內表現強勁。

【基本面 / 新聞】
在過去24小時內，比特幣價格回升至79,000美元附近，並受到機構資金流入現貨比特幣ETF的支撐，4月份ETF淨流入創下2026年以來最強勁的月份。美國參議院發布的「清晰法案」妥協文本，為穩定幣發行方提供了監管框架，被視為重要的利好消息。然而，部分分析師警告比特幣可能面臨修正風險，且加密貨幣風險投資在4月份顯著下降。巴西也實施了更嚴格的加密貨幣監管措施。目前未找到可驗證的重大基本面利多/利空。

【基本面對交易方向的影響】
基本面方向：mixed
相關性：high
原因：正面的監管進展和機構資金流入提供了看漲動力，但分析師的謹慎態度和風險投資下降帶來了不確定性。

【風險提醒】
儘管技術面顯示看漲，但ATR擴張比率高，市場波動性增加。同時，部分分析師對比特幣的投機性上漲發出警告，且加密貨幣風險投資下降，這些都增加了潛在的下行風險。新聞來源充足，但基本面存在多空分歧，不應只依賴單一方向判斷。","[{""title"": ""binance.com"", ""url"": ""https://vertexaisearch.cloud.google.com/grounding-api-redirect/AUZIYQGhVDkztJoAUg-TZCINa_Im6gruFBkRj6kER8B7sz5DqHlXPmdyverk2jRS_pxoNjZZuanTxKSSk12hq0ldh7-i9QatLbwSBG_w6i_XQ-zeihY_EGjWmoIdi_fCCvJ1XKvaCClqhabeJbjLVSKYUdZ7bg=="", ""publisher"": """", ""published_at"": """"}, {""title"": ""247wallst.com"", ""url"": ""https://vertexaisearch.cloud.google.com/grounding-api-redirect/AUZIYQFAIpCuZNnS1MoWRh3_8iw-aq3MSY1cS7h27gZbT9kWA5lHlyebjnBaisd9tTFouZY71vNcM_d0kaJWGrDtGP9NKpy7bnBHXv2SP2k-OYUlp4CpaKOWdXJb3fgoYrANMcSvyd9OMpwU4hXXyBGIE2XTlli_48IWvvhj4H6MTH_2YToH8hlML62BYp2IqThkl1nox8kvH3AQuH2hszCf1vQLbifPf7x-HVdLiO-mYCyB7Rixd2ST4CCkMOY8oe4TH4VOAggEHTUlDrQ1"", ""publisher"": """", ""published_at"": """"}, {""title"": ""investing.com"", ""url"": ""https://vertexaisearch.cloud.google.com/grounding-api-redirect/AUZIYQEMVNhX7w0ti1h5CE7j_gHbmCPF4dgNOS2lD1ZnBn0eiS1OCg-Gguv-bJCIPQ2HWvofFPvE2BOb-OPVP7NehLJPGN3xTMoJ5VLgQxtesdGPB6d42GLyMVi64NVDwuPdPh8ksT13Ua0lMuFqSNE-9vnT5W0Tyfz1UterGEZMegVepOjnxo8FhiIMIMCI3lIXHqUZlZ__kzEnF0r0hrCpkW6NYLitoQsanfvRw30enPtr5K6i9dcAMA=="", ""publisher"": """", ""published_at"": """"}, {""title"": ""theblock.co"", ""url"": ""https://vertexaisearch.cloud.google.com/grounding-api-redirect/AUZIYQGnIZ91zdEjF_-JG-eqypcCFaEghNyGCHln-g3Bk3EFMXRJZrkmpRrNHpBE6_tIUAXuxf1lsZI1C22pIf_gFgQZOLUU9jwp2v7iNuzGbdsp6zBcDA=="", ""publisher"": """", ""published_at"": """"}, {""title"": ""binance.com"", ""url"": ""https://vertexaisearch.cloud.google.com/grounding-api-redirect/AUZIYQHy1IL30Le00b-bm2Goxy9b-q5No4lLIpkLwrT9jPt2KrVm4FLc2FVpszlMkqQ_8y9c3n_RXiOZzFVFR1dDtXLhiM7xKyXosXO2yx0x_qcQdK1wzMQwotHQzFhnxLJhFk69bK-L9-mR"", ""publisher"": """", ""published_at"": """"}, {""title"": ""binance.com"", ""url"": ""https://vertexaisearch.cloud.google.com/grounding-api-redirect/AUZIYQFjjgtv_tOFqLM_DpXp2PM7GLdYI1xCv63MFhVNaE-mLzMFOPV5JIE-5JKKhsRaIQHFBSuTqz1idBqyG1WIu8ZS7A0E2GjjWiZx4ceRs-wxo5X3ToJP0AqB-sHwrYR-geKqTlRzxt7_"", ""publisher"": """", ""published_at"": """"}, {""title"": ""Bitcoin.com News: Latest Crypto News Across All Key Markets"", ""url"": ""https://vertexaisearch.cloud.google.com/grounding-api-redirect/AUZIYQGQHbfUikE-JnE5xZZQ_ji0ZMzgk4XLhoxpvgAvQXRo6cxrU6W_qu0ehJ_BdpMgOZB0wOkWRFsyrF2ARzo8c5EYLA9UYRxUIGU2NlC-urjhJaUmIQ4="", ""publisher"": ""Bitcoin.com News"", ""published_at"": ""2026-05-03T00:00:00Z""}, {""title"": ""Bitcoin (BTC) Price Today: BTC Live Price, Charts, News - Crypto.com International"", ""url"": ""https://vertexaisearch.cloud.google.com/grounding-api-redirect/AUZIYQFYwW9aqLBndujz6mX9i8hcHhuyolF131uhxwHUTkZZ_MPxd_lraD2r7rfHHwTi0-bZtNWZG4DCPBRW9Tavq66WLSzB1jVSCjaGW8iZ5RC3XZYi7UvH55FMIPFbqi1n"", ""publisher"": ""Crypto.com International"", ""published_at"": ""2026-05-02T00:00:00Z""}, {""title"": ""Bitcoin Price: BTC/USD Live Price Chart, Market Cap & News Today | CoinGecko"", ""url"": ""https://vertexaisearch.cloud.google.com/grounding-api-redirect/AUZIYQHC62-oBcyRP3sSu-rmMo4kplTY_pzz77qiWxgqz5wVDt6N7cMcESU9WCGRYFppZO9hhaWEqz51Kia0elHglmHRIligZ95EYRNcQ0iTSd3Qo14iIYanhTAqLKTwM4JFHtPIRVt5SA=="", ""publisher"": ""CoinGecko"", ""published_at"": ""2026-05-04T00:00:00Z""}, {""title"": ""Latest ##btcusdt. News, Opinions and Feed Today | Binance Square"", ""url"": ""https://vertexaisearch.cloud.google.com/grounding-api-redirect/AUZIYQEN5UqYXKwnV-i_sva99azdjLmkOJAoX_TxUHvV7LkpKMBKjsRB2sfm39D_sUGQWMgrrnYKyEbJ6pc59X5pvcUM1eDqd718MJ8VQdviqM0R53iItvHDJLpfg-HQBjW5RytdRjZG-T0IUwukQiti"", ""publisher"": ""Binance Square"", ""published_at"": ""2026-05-04T00:00:00Z""}, {""title"": ""Bitcoin Latest BTC News - NewsNow"", ""url"": ""https://vertexaisearch.cloud.google.com/grounding-api-redirect/AUZIYQH5eLGcZUjHVXOkOuIMM1QCfEC1mRh4e4_Rtt_pYlbPruWw6tm1FJ0aS_GuFTc9IYdIZP-ut3Svj1wHFBvPvad449CkLHXJqG0GsbKuZHB5_CnM6I4rcaFdseaW9JJ7qNSvOPNmZSjXCWsiqeRpl49iJgm8OP_Ntw=="", ""publisher"": ""NewsNow"", ""published_at"": ""2026-05-03T00:00:00Z""}, {""title"": ""Should You Dump Bitcoin for Stocks After the S&P 500 Hit a New Record on Apple's $100 Billion Buyback? - 24/7 Wall Street"", ""url"": ""https://vertexaisearch.cloud.google.com/grounding-api-redirect/AUZIYQFAIpCuZNnS1MoWRh3_8iw-aq3MSY1cS7h27gZbT9kWA5lHlyebjnBaisd9tTFouZY71vNcM_d0kaJWGrDtGP9NKpy7bnBHXv2SP2k-OYUlp4CpaKOWdXJb3fgoYrANMcSvyd9OMpwU4hXXyBGIE2XTlli_48IWvvhj4H6MTH_2YToH8hlML62BYp2IqThkl1NFo0h_r5K6i9dcAMA=="", ""publisher"": ""24/7 Wall Street"", ""published_at"": ""2026-05-03T00:00:00Z""}]"
